{"cameraMode":{"drawMode":0,"name":"Shaded","section":"Shading Mode"},"sceneLighting":true,"audioPlay":false,"sceneViewState":{"showFog":true,"showMaterialUpdate":false,"showSkybox":true,"showFlares":true,"showImageEffects":true,"showParticleSystems":true},"in2DMode":false,"pivot":{"x":11.954692840576172,"y":5.407325744628906,"z":0.7933998107910156},"rotation":{"x":-0.5097634196281433,"y":0.009835869073867798,"z":-0.0058045778423547749,"w":-0.8603379726409912},"size":22.0,"orthographic":false}