{"cameraMode":{"drawMode":0,"name":"Shaded","section":"Shading Mode"},"sceneLighting":true,"audioPlay":false,"sceneViewState":{"showFog":true,"showMaterialUpdate":false,"showSkybox":true,"showFlares":true,"showImageEffects":true,"showParticleSystems":true},"in2DMode":false,"pivot":{"x":3.4375,"y":12.724872589111329,"z":-5.293466567993164},"rotation":{"x":0.7127675414085388,"y":-0.007993663661181927,"z":0.008124823682010174,"w":0.7013103365898132},"size":52.90471649169922,"orthographic":true}